,Unnamed: 0,dept_no,dept_name,emp_no,from_date,to_date
0,0,d009,Customer Service,10011,1990-01-22,1996-11-09
1,0,d009,Customer Service,10038,1989-09-20,9999-01-01
2,0,d009,Customer Service,10049,1992-05-04,9999-01-01
3,0,d009,Customer Service,10060,1992-11-11,9999-01-01
4,0,d009,Customer Service,10088,1992-03-21,9999-01-01
5,0,d009,Customer Service,10098,1989-06-29,1992-12-11
6,0,d009,Customer Service,10112,1998-05-01,9999-01-01
7,0,d009,Customer Service,10115,1988-03-03,1992-05-24
8,0,d009,Customer Service,10126,1985-09-08,9999-01-01
9,0,d009,Customer Service,10128,1988-06-06,9999-01-01
10,0,d009,Customer Service,10137,1985-02-18,9999-01-01
11,0,d009,Customer Service,10154,1996-10-23,9999-01-01
12,0,d009,Customer Service,10164,2000-05-31,9999-01-01
13,0,d009,Customer Service,10176,1994-12-22,9999-01-01
14,0,d009,Customer Service,10183,1996-08-11,9999-01-01
15,0,d009,Customer Service,10184,1997-12-26,9999-01-01
16,0,d009,Customer Service,10210,1996-02-24,9999-01-01
17,0,d009,Customer Service,10213,1994-10-06,9999-01-01
18,0,d009,Customer Service,10219,1993-03-31,1994-10-23
19,0,d009,Customer Service,10225,1995-12-14,9999-01-01
20,0,d009,Customer Service,10231,1998-09-09,9999-01-01
21,0,d009,Customer Service,10259,1994-08-15,1999-01-06
22,0,d009,Customer Service,10279,1999-07-11,9999-01-01
23,0,d009,Customer Service,10286,1994-12-24,1999-01-24
24,0,d009,Customer Service,10334,1998-02-15,9999-01-01
25,0,d009,Customer Service,10335,1999-11-07,9999-01-01
26,0,d009,Customer Service,10338,1999-12-29,9999-01-01
27,0,d009,Customer Service,10349,1991-09-28,9999-01-01
28,0,d009,Customer Service,10374,1995-04-25,1996-03-29
29,0,d009,Customer Service,10382,1999-05-07,2000-10-27
30,0,d009,Customer Service,10387,1994-01-07,9999-01-01
31,0,d009,Customer Service,10412,2000-05-19,9999-01-01
32,0,d009,Customer Service,10421,1990-04-07,9999-01-01
33,0,d009,Customer Service,10430,1999-07-17,9999-01-01
34,0,d009,Customer Service,10432,1990-08-13,9999-01-01
35,0,d009,Customer Service,10453,1985-04-02,9999-01-01
36,0,d009,Customer Service,10465,1994-12-11,9999-01-01
37,0,d009,Customer Service,10466,1997-08-22,2000-08-15
38,0,d009,Customer Service,10478,1992-06-09,1993-02-10
39,0,d009,Customer Service,10510,1992-09-21,9999-01-01
40,0,d009,Customer Service,10535,1991-08-22,9999-01-01
41,0,d009,Customer Service,10580,1991-03-02,9999-01-01
42,0,d009,Customer Service,10601,1999-07-24,2002-05-09
43,0,d009,Customer Service,10614,1997-02-27,9999-01-01
44,0,d009,Customer Service,10617,1991-10-30,2001-10-03
45,0,d009,Customer Service,10646,1996-01-31,9999-01-01
46,0,d009,Customer Service,10649,1998-06-23,9999-01-01
47,0,d009,Customer Service,10667,1999-07-28,9999-01-01
48,0,d009,Customer Service,10669,1996-11-17,9999-01-01
49,0,d009,Customer Service,10682,1990-11-09,9999-01-01
50,0,d009,Customer Service,10693,1986-01-08,9999-01-01
51,0,d009,Customer Service,10697,1999-08-29,9999-01-01
52,0,d009,Customer Service,10701,1989-10-07,9999-01-01
53,0,d009,Customer Service,10721,1999-07-15,9999-01-01
54,0,d009,Customer Service,10733,1996-02-20,9999-01-01
55,0,d009,Customer Service,10735,1985-10-29,9999-01-01
56,0,d009,Customer Service,10771,1996-04-01,9999-01-01
57,0,d009,Customer Service,10773,1997-02-09,1997-11-29
58,0,d009,Customer Service,10775,1999-03-17,9999-01-01
59,0,d009,Customer Service,10779,1988-01-11,9999-01-01
60,0,d009,Customer Service,10781,1991-02-04,9999-01-01
61,0,d009,Customer Service,10789,1998-01-26,9999-01-01
62,0,d009,Customer Service,10816,1991-05-22,9999-01-01
63,0,d009,Customer Service,10817,2000-01-24,9999-01-01
64,0,d009,Customer Service,10836,1991-07-01,9999-01-01
65,0,d009,Customer Service,10841,1992-01-22,9999-01-01
66,0,d009,Customer Service,10856,1986-12-31,1990-06-18
67,0,d009,Customer Service,10865,1993-07-03,1993-09-19
68,0,d009,Customer Service,10869,1997-09-04,1998-10-15
69,0,d009,Customer Service,10871,1999-06-16,9999-01-01
70,0,d009,Customer Service,10895,1986-12-25,1987-04-13
71,0,d009,Customer Service,10903,1989-02-14,9999-01-01
72,0,d009,Customer Service,10910,1989-09-02,9999-01-01
73,0,d009,Customer Service,10926,1992-11-04,9999-01-01
74,0,d009,Customer Service,10946,1996-10-26,9999-01-01
75,0,d009,Customer Service,10947,1995-11-16,9999-01-01
76,0,d009,Customer Service,10954,1995-12-14,9999-01-01
77,0,d009,Customer Service,10975,1997-01-14,9999-01-01
78,1,d005,Development,10001,1986-06-26,9999-01-01
79,1,d005,Development,10006,1990-08-05,9999-01-01
80,1,d005,Development,10008,1998-03-11,2000-07-31
81,1,d005,Development,10012,1992-12-18,9999-01-01
82,1,d005,Development,10014,1993-12-29,9999-01-01
83,1,d005,Development,10018,1987-04-03,1992-07-29
84,1,d005,Development,10021,1988-02-10,2002-07-15
85,1,d005,Development,10022,1999-09-03,9999-01-01
86,1,d005,Development,10023,1999-09-27,9999-01-01
87,1,d005,Development,10025,1987-08-17,1997-10-15
88,1,d005,Development,10027,1995-04-02,9999-01-01
89,1,d005,Development,10028,1991-10-22,1998-04-06
90,1,d005,Development,10031,1991-09-01,9999-01-01
91,1,d005,Development,10037,1990-12-05,9999-01-01
92,1,d005,Development,10040,1993-02-14,2002-01-22
93,1,d005,Development,10043,1990-10-20,9999-01-01
94,1,d005,Development,10048,1985-02-24,1987-01-27
95,1,d005,Development,10056,1990-02-01,9999-01-01
96,1,d005,Development,10057,1992-01-15,9999-01-01
97,1,d005,Development,10062,1991-08-30,9999-01-01
98,1,d005,Development,10065,1998-05-24,9999-01-01
99,1,d005,Development,10066,1986-02-26,9999-01-01
100,1,d005,Development,10070,1985-10-14,1995-10-18
101,1,d005,Development,10072,1989-05-21,9999-01-01
102,1,d005,Development,10074,1990-08-13,9999-01-01
103,1,d005,Development,10075,1988-05-17,2001-01-15
104,1,d005,Development,10076,1996-07-15,9999-01-01
105,1,d005,Development,10078,1994-09-29,9999-01-01
106,1,d005,Development,10079,1995-12-13,9999-01-01
107,1,d005,Development,10090,1986-03-14,1999-05-07
108,1,d005,Development,10091,1992-11-18,9999-01-01
109,1,d005,Development,10092,1996-04-22,9999-01-01
110,1,d005,Development,10103,1998-01-12,9999-01-01
111,1,d005,Development,10116,1994-02-27,1995-12-03
112,1,d005,Development,10118,1992-02-02,9999-01-01
113,1,d005,Development,10121,1989-05-03,9999-01-01
114,1,d005,Development,10122,1998-08-06,9999-01-01
115,1,d005,Development,10127,1991-05-17,9999-01-01
116,1,d005,Development,10129,1996-01-16,9999-01-01
117,1,d005,Development,10134,1987-12-12,1993-12-02
118,1,d005,Development,10139,1998-03-15,9999-01-01
119,1,d005,Development,10142,1993-10-28,9999-01-01
120,1,d005,Development,10143,1988-09-30,9999-01-01
121,1,d005,Development,10145,1999-11-03,9999-01-01
122,1,d005,Development,10150,1986-11-16,9999-01-01
123,1,d005,Development,10153,2000-01-08,9999-01-01
124,1,d005,Development,10157,1997-12-10,9999-01-01
125,1,d005,Development,10166,1996-09-02,9999-01-01
126,1,d005,Development,10169,1998-06-28,9999-01-01
127,1,d005,Development,10172,1998-02-04,1998-10-01
128,1,d005,Development,10179,2000-01-25,9999-01-01
129,1,d005,Development,10181,1988-06-22,9999-01-01
130,1,d005,Development,10182,1990-09-02,1999-01-05
131,1,d005,Development,10189,1992-09-13,1993-06-29
132,1,d005,Development,10191,1986-04-10,9999-01-01
133,1,d005,Development,10193,1996-09-21,9999-01-01
134,1,d005,Development,10197,1994-06-28,9999-01-01
135,1,d005,Development,10198,1985-08-31,9999-01-01
136,1,d005,Development,10201,1992-11-10,9999-01-01
137,1,d005,Development,10202,1991-10-06,9999-01-01
138,1,d005,Development,10204,1998-12-18,1999-03-08
139,1,d005,Development,10206,1988-04-19,9999-01-01
140,1,d005,Development,10207,1992-10-11,9999-01-01
141,1,d005,Development,10211,1991-11-22,9999-01-01
142,1,d005,Development,10212,1996-01-28,9999-01-01
143,1,d005,Development,10219,1994-10-23,9999-01-01
144,1,d005,Development,10223,1998-04-01,9999-01-01
145,1,d005,Development,10227,1994-11-01,9999-01-01
146,1,d005,Development,10238,1995-03-31,1996-05-25
147,1,d005,Development,10244,1999-09-16,9999-01-01
148,1,d005,Development,10249,1991-12-08,1998-04-13
149,1,d005,Development,10258,1985-05-17,9999-01-01
150,1,d005,Development,10261,1996-09-11,1999-02-23
151,1,d005,Development,10264,1997-07-16,9999-01-01
152,1,d005,Development,10268,1986-12-17,1988-04-15
153,1,d005,Development,10271,1986-05-23,9999-01-01
154,1,d005,Development,10274,1997-02-02,9999-01-01
155,1,d005,Development,10275,1987-09-08,9999-01-01
156,1,d005,Development,10276,1986-10-19,2000-02-04
157,1,d005,Development,10278,1993-07-02,1997-02-14
158,1,d005,Development,10283,1988-05-25,9999-01-01
159,1,d005,Development,10287,1997-09-05,9999-01-01
160,1,d005,Development,10289,1993-03-12,2002-01-31
161,1,d005,Development,10290,1991-09-18,9999-01-01
162,1,d005,Development,10294,1999-01-30,1999-05-04
163,1,d005,Development,10305,1988-10-31,1992-06-02
164,1,d005,Development,10309,1997-05-02,9999-01-01
165,1,d005,Development,10311,1998-11-04,9999-01-01
166,1,d005,Development,10315,1987-08-28,9999-01-01
167,1,d005,Development,10318,1987-03-23,9999-01-01
168,1,d005,Development,10322,1990-01-29,9999-01-01
169,1,d005,Development,10324,1999-07-19,9999-01-01
170,1,d005,Development,10327,1987-09-18,1988-05-10
171,1,d005,Development,10328,1998-07-17,9999-01-01
172,1,d005,Development,10333,1993-01-16,9999-01-01
173,1,d005,Development,10342,1987-07-25,9999-01-01
174,1,d005,Development,10345,1993-11-08,9999-01-01
175,1,d005,Development,10352,1998-12-16,9999-01-01
176,1,d005,Development,10358,1991-02-19,9999-01-01
177,1,d005,Development,10359,1998-07-20,9999-01-01
178,1,d005,Development,10366,1997-08-15,9999-01-01
179,1,d005,Development,10373,1997-04-26,9999-01-01
180,1,d005,Development,10379,1996-07-15,9999-01-01
181,1,d005,Development,10386,1985-08-02,9999-01-01
182,1,d005,Development,10389,1999-05-13,9999-01-01
183,1,d005,Development,10391,1993-01-28,9999-01-01
184,1,d005,Development,10394,1991-03-14,1991-08-25
185,1,d005,Development,10395,1998-08-10,2001-08-13
186,1,d005,Development,10396,1986-01-11,9999-01-01
187,1,d005,Development,10404,1988-08-28,9999-01-01
188,1,d005,Development,10409,1997-09-26,9999-01-01
189,1,d005,Development,10414,1990-05-30,1994-12-02
190,1,d005,Development,10415,1993-10-25,9999-01-01
191,1,d005,Development,10424,1989-08-07,9999-01-01
192,1,d005,Development,10426,1985-07-06,9999-01-01
193,1,d005,Development,10429,1988-09-23,9999-01-01
194,1,d005,Development,10435,1996-06-08,9999-01-01
195,1,d005,Development,10439,1993-05-01,9999-01-01
196,1,d005,Development,10440,1997-04-04,2000-01-30
197,1,d005,Development,10443,1989-08-01,2002-07-06
198,1,d005,Development,10445,1987-11-04,9999-01-01
199,1,d005,Development,10446,1996-12-25,9999-01-01
200,1,d005,Development,10450,1997-08-24,9999-01-01
201,1,d005,Development,10452,1995-11-12,2001-10-11
202,1,d005,Development,10460,1999-06-30,2001-04-15
203,1,d005,Development,10469,1985-06-05,1992-12-26
204,1,d005,Development,10477,1997-05-26,9999-01-01
205,1,d005,Development,10478,1993-02-10,9999-01-01
206,1,d005,Development,10482,1996-02-26,9999-01-01
207,1,d005,Development,10485,1996-01-21,9999-01-01
208,1,d005,Development,10488,1994-07-09,1996-11-18
209,1,d005,Development,10489,1989-09-10,1989-10-06
210,1,d005,Development,10492,1988-04-29,9999-01-01
211,1,d005,Development,10500,1996-12-16,9999-01-01
212,1,d005,Development,10501,1988-09-08,9999-01-01
213,1,d005,Development,10506,1996-12-01,9999-01-01
214,1,d005,Development,10516,1985-10-19,9999-01-01
215,1,d005,Development,10518,1993-09-03,9999-01-01
216,1,d005,Development,10519,1994-02-09,2001-10-13
217,1,d005,Development,10527,1996-01-25,9999-01-01
218,1,d005,Development,10528,1993-10-28,9999-01-01
219,1,d005,Development,10529,1997-07-04,1999-06-12
220,1,d005,Development,10530,1987-09-23,9999-01-01
221,1,d005,Development,10538,1987-07-23,1991-09-22
222,1,d005,Development,10542,1992-02-07,9999-01-01
223,1,d005,Development,10547,1988-02-14,1989-06-19
224,1,d005,Development,10549,1996-10-11,9999-01-01
225,1,d005,Development,10553,1990-07-22,9999-01-01
226,1,d005,Development,10554,1990-11-28,9999-01-01
227,1,d005,Development,10557,1992-09-18,1994-08-25
228,1,d005,Development,10560,1996-09-03,9999-01-01
229,1,d005,Development,10562,1997-07-24,9999-01-01
230,1,d005,Development,10563,1992-09-29,2002-01-01
231,1,d005,Development,10566,1990-08-23,1997-10-26
232,1,d005,Development,10571,1985-02-24,9999-01-01
233,1,d005,Development,10578,1989-11-24,9999-01-01
234,1,d005,Development,10579,1991-06-02,9999-01-01
235,1,d005,Development,10582,1995-11-06,9999-01-01
236,1,d005,Development,10584,1986-02-17,9999-01-01
237,1,d005,Development,10585,1991-01-09,1994-08-24
238,1,d005,Development,10587,1991-11-20,9999-01-01
239,1,d005,Development,10593,1990-09-12,2000-03-29
240,1,d005,Development,10594,1988-04-02,9999-01-01
241,1,d005,Development,10599,1991-11-17,9999-01-01
242,1,d005,Development,10604,1990-04-07,2002-07-29
243,1,d005,Development,10606,1987-05-02,9999-01-01
244,1,d005,Development,10607,1996-01-13,9999-01-01
245,1,d005,Development,10609,1994-12-03,9999-01-01
246,1,d005,Development,10610,1997-03-30,9999-01-01
247,1,d005,Development,10611,1989-09-16,9999-01-01
248,1,d005,Development,10620,1990-11-10,9999-01-01
249,1,d005,Development,10621,1992-02-10,9999-01-01
250,1,d005,Development,10623,1992-01-15,1996-02-11
251,1,d005,Development,10625,1986-07-15,1995-01-13
252,1,d005,Development,10628,1987-03-14,9999-01-01
253,1,d005,Development,10631,1994-10-18,9999-01-01
254,1,d005,Development,10632,1985-07-25,1987-11-20
255,1,d005,Development,10634,1990-11-11,1994-04-02
256,1,d005,Development,10639,1992-10-25,9999-01-01
257,1,d005,Development,10641,1993-03-21,9999-01-01
258,1,d005,Development,10642,1998-10-05,9999-01-01
259,1,d005,Development,10643,1987-11-11,9999-01-01
260,1,d005,Development,10648,1988-02-16,9999-01-01
261,1,d005,Development,10650,1992-10-04,9999-01-01
262,1,d005,Development,10653,1987-04-30,9999-01-01
263,1,d005,Development,10659,1995-06-01,9999-01-01
264,1,d005,Development,10660,1988-08-12,1991-07-12
265,1,d005,Development,10663,1993-01-23,1999-02-12
266,1,d005,Development,10665,1988-01-23,2000-07-13
267,1,d005,Development,10673,1994-07-29,1997-11-18
268,1,d005,Development,10674,1999-03-17,9999-01-01
269,1,d005,Development,10676,1999-09-04,9999-01-01
270,1,d005,Development,10677,1999-10-13,9999-01-01
271,1,d005,Development,10678,1987-08-02,9999-01-01
272,1,d005,Development,10680,1992-11-21,1998-12-08
273,1,d005,Development,10686,1987-05-17,9999-01-01
274,1,d005,Development,10690,1989-08-22,1995-10-04
275,1,d005,Development,10691,1989-09-17,9999-01-01
276,1,d005,Development,10696,1991-09-09,9999-01-01
277,1,d005,Development,10698,1994-12-08,9999-01-01
278,1,d005,Development,10700,1998-04-14,2002-06-27
279,1,d005,Development,10702,1991-01-14,9999-01-01
280,1,d005,Development,10707,1990-12-24,9999-01-01
281,1,d005,Development,10709,1986-02-02,1988-02-21
282,1,d005,Development,10711,1991-06-21,9999-01-01
283,1,d005,Development,10712,1994-08-18,9999-01-01
284,1,d005,Development,10714,1999-11-24,9999-01-01
285,1,d005,Development,10716,1987-08-12,9999-01-01
286,1,d005,Development,10718,1988-07-21,9999-01-01
287,1,d005,Development,10719,1995-09-05,1999-07-31
288,1,d005,Development,10726,1992-02-25,9999-01-01
289,1,d005,Development,10730,1996-05-14,1996-05-27
290,1,d005,Development,10738,1991-04-30,1992-01-06
291,1,d005,Development,10739,1985-03-30,9999-01-01
292,1,d005,Development,10740,1996-04-30,2002-03-17
293,1,d005,Development,10742,1997-04-03,9999-01-01
294,1,d005,Development,10746,1990-08-31,9999-01-01
295,1,d005,Development,10750,1998-11-06,9999-01-01
296,1,d005,Development,10751,1999-12-14,2000-12-05
297,1,d005,Development,10755,1995-04-01,2001-11-13
298,1,d005,Development,10756,1997-10-07,2000-12-16
299,1,d005,Development,10757,1986-01-06,1991-10-18
300,1,d005,Development,10764,1989-11-27,9999-01-01
301,1,d005,Development,10769,1991-08-30,9999-01-01
302,1,d005,Development,10772,1990-02-22,9999-01-01
303,1,d005,Development,10776,1986-03-16,9999-01-01
304,1,d005,Development,10784,1998-10-14,9999-01-01
305,1,d005,Development,10791,1988-07-30,9999-01-01
306,1,d005,Development,10792,1985-08-10,1993-12-20
307,1,d005,Development,10793,1990-09-18,9999-01-01
308,1,d005,Development,10797,1988-08-21,1997-06-02
309,1,d005,Development,10799,1989-03-01,9999-01-01
310,1,d005,Development,10808,1987-03-07,9999-01-01
311,1,d005,Development,10809,1988-02-25,9999-01-01
312,1,d005,Development,10821,1988-10-06,1990-04-17
313,1,d005,Development,10822,1986-01-11,9999-01-01
314,1,d005,Development,10825,1993-12-04,2000-06-03
315,1,d005,Development,10826,1993-01-22,9999-01-01
316,1,d005,Development,10831,1998-02-22,9999-01-01
317,1,d005,Development,10842,1986-07-14,1998-06-27
318,1,d005,Development,10843,1990-04-26,9999-01-01
319,1,d005,Development,10844,1997-04-25,9999-01-01
320,1,d005,Development,10845,1997-01-25,9999-01-01
321,1,d005,Development,10846,1995-01-17,1997-04-03
322,1,d005,Development,10849,1995-06-25,9999-01-01
323,1,d005,Development,10854,1998-07-13,9999-01-01
324,1,d005,Development,10858,1997-01-01,9999-01-01
325,1,d005,Development,10861,1989-06-10,1992-04-12
326,1,d005,Development,10879,1985-08-15,9999-01-01
327,1,d005,Development,10882,1999-04-29,9999-01-01
328,1,d005,Development,10884,1993-04-15,9999-01-01
329,1,d005,Development,10886,1995-03-26,9999-01-01
330,1,d005,Development,10887,1989-03-17,9999-01-01
331,1,d005,Development,10888,1987-06-28,1989-09-11
332,1,d005,Development,10891,1995-10-06,9999-01-01
333,1,d005,Development,10900,1995-09-07,9999-01-01
334,1,d005,Development,10902,1990-06-11,1990-09-25
335,1,d005,Development,10904,1993-04-16,9999-01-01
336,1,d005,Development,10909,1993-12-26,9999-01-01
337,1,d005,Development,10916,1998-03-12,1998-10-02
338,1,d005,Development,10917,1993-01-30,9999-01-01
339,1,d005,Development,10932,1994-09-09,9999-01-01
340,1,d005,Development,10937,1988-06-16,1991-05-03
341,1,d005,Development,10940,1997-06-30,1999-12-02
342,1,d005,Development,10942,1996-01-21,9999-01-01
343,1,d005,Development,10943,1993-05-22,9999-01-01
344,1,d005,Development,10948,1996-09-30,1997-04-29
345,1,d005,Development,10952,1986-07-22,1988-04-26
346,1,d005,Development,10956,1995-12-02,1997-02-10
347,1,d005,Development,10958,1988-11-27,9999-01-01
348,1,d005,Development,10961,1993-11-04,9999-01-01
349,1,d005,Development,10963,1988-01-14,1995-04-10
350,1,d005,Development,10967,1993-08-01,9999-01-01
351,1,d005,Development,10969,1994-05-12,9999-01-01
352,1,d005,Development,10971,1991-07-30,1998-10-24
353,1,d005,Development,10972,1987-06-06,9999-01-01
354,1,d005,Development,10973,1989-03-05,9999-01-01
355,1,d005,Development,10974,1999-05-17,9999-01-01
356,1,d005,Development,10980,1989-01-04,9999-01-01
357,1,d005,Development,10985,1999-02-11,1999-02-27
358,1,d005,Development,10986,1985-10-11,9999-01-01
359,1,d005,Development,10987,1997-05-21,9999-01-01
360,1,d005,Development,10988,1985-06-19,9999-01-01
361,1,d005,Development,10990,1990-08-06,9999-01-01
362,1,d005,Development,10991,1999-07-13,9999-01-01
363,1,d005,Development,10992,1997-04-27,9999-01-01
364,1,d005,Development,10994,1987-06-29,1987-11-13
365,1,d005,Development,10999,1996-03-05,1997-04-19
366,1,d005,Development,11000,1996-01-28,9999-01-01
367,2,d004,Engineering,10003,1995-12-03,9999-01-01
368,2,d004,Engineering,10004,1986-12-01,9999-01-01
369,2,d004,Engineering,10010,1996-11-24,2000-06-26
370,2,d004,Engineering,10018,1992-07-29,9999-01-01
371,2,d004,Engineering,10020,1997-12-30,9999-01-01
372,2,d004,Engineering,10024,1998-06-14,9999-01-01
373,2,d004,Engineering,10026,1995-03-20,9999-01-01
374,2,d004,Engineering,10029,1991-09-18,1999-07-08
375,2,d004,Engineering,10030,1994-02-17,9999-01-01
376,2,d004,Engineering,10032,1990-06-20,9999-01-01
377,2,d004,Engineering,10035,1988-09-05,9999-01-01
378,2,d004,Engineering,10044,1994-05-21,9999-01-01
379,2,d004,Engineering,10045,1996-11-16,9999-01-01
380,2,d004,Engineering,10047,1989-03-31,9999-01-01
381,2,d004,Engineering,10051,1992-10-15,9999-01-01
382,2,d004,Engineering,10063,1989-04-08,9999-01-01
383,2,d004,Engineering,10069,1992-06-14,9999-01-01
384,2,d004,Engineering,10081,1986-10-30,9999-01-01
385,2,d004,Engineering,10083,1987-03-31,9999-01-01
386,2,d004,Engineering,10084,1995-12-15,9999-01-01
387,2,d004,Engineering,10085,1994-04-09,9999-01-01
388,2,d004,Engineering,10096,1999-01-23,9999-01-01
389,2,d004,Engineering,10098,1985-05-13,1989-06-29
390,2,d004,Engineering,10102,1995-01-02,9999-01-01
391,2,d004,Engineering,10106,1991-10-27,9999-01-01
392,2,d004,Engineering,10109,1993-06-16,9999-01-01
393,2,d004,Engineering,10113,1998-09-14,9999-01-01
394,2,d004,Engineering,10117,1992-03-19,9999-01-01
395,2,d004,Engineering,10119,1993-12-09,1997-10-30
396,2,d004,Engineering,10120,1996-07-06,9999-01-01
397,2,d004,Engineering,10123,1993-01-15,9999-01-01
398,2,d004,Engineering,10124,1991-09-05,1999-06-06
399,2,d004,Engineering,10130,1988-06-21,9999-01-01
400,2,d004,Engineering,10131,1999-09-17,1999-12-06
401,2,d004,Engineering,10133,1985-12-15,9999-01-01
402,2,d004,Engineering,10134,1993-12-02,9999-01-01
403,2,d004,Engineering,10135,1990-01-04,9999-01-01
404,2,d004,Engineering,10155,1990-07-12,9999-01-01
405,2,d004,Engineering,10158,1987-06-04,9999-01-01
406,2,d004,Engineering,10161,1991-06-09,1994-01-05
407,2,d004,Engineering,10162,1998-05-27,9999-01-01
408,2,d004,Engineering,10164,1990-10-19,2000-05-31
409,2,d004,Engineering,10167,1992-04-04,9999-01-01
410,2,d004,Engineering,10170,1986-01-02,1989-02-06
411,2,d004,Engineering,10171,1996-08-05,9999-01-01
412,2,d004,Engineering,10174,1987-06-01,9999-01-01
413,2,d004,Engineering,10188,1987-08-27,9999-01-01
414,2,d004,Engineering,10190,1986-06-23,9999-01-01
415,2,d004,Engineering,10192,1999-08-09,9999-01-01
416,2,d004,Engineering,10195,1985-02-15,2001-04-14
417,2,d004,Engineering,10200,1994-02-17,2000-10-03
418,2,d004,Engineering,10205,1993-08-23,9999-01-01
419,2,d004,Engineering,10217,1986-05-12,1993-08-05
420,2,d004,Engineering,10218,1997-01-31,9999-01-01
421,2,d004,Engineering,10221,1988-06-08,2000-10-04
422,2,d004,Engineering,10222,1986-06-08,9999-01-01
423,2,d004,Engineering,10224,1988-01-09,9999-01-01
424,2,d004,Engineering,10235,1995-04-06,9999-01-01
425,2,d004,Engineering,10242,1988-01-18,9999-01-01
426,2,d004,Engineering,10246,1991-02-01,9999-01-01
427,2,d004,Engineering,10247,1992-08-14,9999-01-01
428,2,d004,Engineering,10252,1990-11-08,9999-01-01
429,2,d004,Engineering,10255,1993-05-12,1999-11-14
430,2,d004,Engineering,10257,1997-07-16,9999-01-01
431,2,d004,Engineering,10260,1993-02-01,9999-01-01
432,2,d004,Engineering,10266,1990-05-25,9999-01-01
433,2,d004,Engineering,10267,1997-04-26,9999-01-01
434,2,d004,Engineering,10268,1988-04-15,1990-08-17
435,2,d004,Engineering,10269,1988-07-24,9999-01-01
436,2,d004,Engineering,10279,1995-04-26,1999-07-11
437,2,d004,Engineering,10282,1996-05-02,9999-01-01
438,2,d004,Engineering,10284,1999-07-06,9999-01-01
439,2,d004,Engineering,10288,1994-08-29,9999-01-01
440,2,d004,Engineering,10293,1992-12-12,9999-01-01
441,2,d004,Engineering,10297,1986-05-28,9999-01-01
442,2,d004,Engineering,10298,2002-05-05,9999-01-01
443,2,d004,Engineering,10300,1991-05-17,9999-01-01
444,2,d004,Engineering,10303,1990-02-05,2000-11-15
445,2,d004,Engineering,10307,1999-10-16,2000-01-21
446,2,d004,Engineering,10310,1990-10-24,2001-07-26
447,2,d004,Engineering,10312,1986-08-28,9999-01-01
448,2,d004,Engineering,10317,2000-07-05,9999-01-01
449,2,d004,Engineering,10323,1991-06-06,9999-01-01
450,2,d004,Engineering,10329,1986-01-20,9999-01-01
451,2,d004,Engineering,10332,1988-10-20,1997-03-07
452,2,d004,Engineering,10337,1998-04-25,9999-01-01
453,2,d004,Engineering,10339,1989-11-30,9999-01-01
454,2,d004,Engineering,10341,1987-04-29,1998-11-11
455,2,d004,Engineering,10344,1999-04-19,2001-11-11
456,2,d004,Engineering,10348,1995-10-22,9999-01-01
457,2,d004,Engineering,10350,1991-05-11,1998-01-16
458,2,d004,Engineering,10363,1985-09-11,1987-05-18
459,2,d004,Engineering,10364,1985-11-14,9999-01-01
460,2,d004,Engineering,10368,1996-05-16,9999-01-01
461,2,d004,Engineering,10371,1989-11-28,9999-01-01
462,2,d004,Engineering,10372,1985-07-30,9999-01-01
463,2,d004,Engineering,10376,1990-12-08,9999-01-01
464,2,d004,Engineering,10377,1996-08-24,9999-01-01
465,2,d004,Engineering,10381,1991-12-04,9999-01-01
466,2,d004,Engineering,10382,1998-07-01,1999-05-07
467,2,d004,Engineering,10383,1991-06-19,9999-01-01
468,2,d004,Engineering,10385,1992-12-20,1998-01-23
469,2,d004,Engineering,10392,1992-03-01,1997-08-09
470,2,d004,Engineering,10393,1989-06-23,9999-01-01
471,2,d004,Engineering,10397,1993-05-21,9999-01-01
472,2,d004,Engineering,10412,1991-11-21,2000-05-19
473,2,d004,Engineering,10422,1995-01-03,1997-09-30
474,2,d004,Engineering,10425,1995-05-07,2002-05-06
475,2,d004,Engineering,10430,1998-07-05,1999-07-17
476,2,d004,Engineering,10434,1995-06-27,2002-06-22
477,2,d004,Engineering,10438,1990-01-19,9999-01-01
478,2,d004,Engineering,10441,1988-07-12,9999-01-01
479,2,d004,Engineering,10451,1988-03-12,9999-01-01
480,2,d004,Engineering,10462,1996-03-25,9999-01-01
481,2,d004,Engineering,10470,1989-09-19,9999-01-01
482,2,d004,Engineering,10473,1997-09-23,9999-01-01
483,2,d004,Engineering,10474,1987-02-21,9999-01-01
484,2,d004,Engineering,10475,1992-05-13,1994-12-30
485,2,d004,Engineering,10479,1993-07-24,9999-01-01
486,2,d004,Engineering,10481,1989-10-03,9999-01-01
487,2,d004,Engineering,10487,1992-08-14,9999-01-01
488,2,d004,Engineering,10494,1991-12-18,9999-01-01
489,2,d004,Engineering,10495,1989-09-24,9999-01-01
490,2,d004,Engineering,10497,1992-01-22,9999-01-01
491,2,d004,Engineering,10498,1994-03-09,9999-01-01
492,2,d004,Engineering,10503,1997-03-13,9999-01-01
493,2,d004,Engineering,10508,1991-05-01,9999-01-01
494,2,d004,Engineering,10511,1992-01-27,9999-01-01
495,2,d004,Engineering,10520,1996-09-05,9999-01-01
496,2,d004,Engineering,10523,1989-12-23,9999-01-01
497,2,d004,Engineering,10524,1985-10-09,9999-01-01
498,2,d004,Engineering,10526,1988-02-27,9999-01-01
499,2,d004,Engineering,10529,1999-06-12,9999-01-01
500,2,d004,Engineering,10538,1991-09-22,1998-12-13
501,2,d004,Engineering,10540,1994-05-03,9999-01-01
502,2,d004,Engineering,10545,1990-06-30,9999-01-01
503,2,d004,Engineering,10552,1998-08-31,9999-01-01
504,2,d004,Engineering,10558,1992-04-22,9999-01-01
505,2,d004,Engineering,10564,1995-11-23,9999-01-01
506,2,d004,Engineering,10565,1996-08-05,9999-01-01
507,2,d004,Engineering,10572,1988-02-16,9999-01-01
508,2,d004,Engineering,10575,1988-10-04,2000-11-22
509,2,d004,Engineering,10577,2001-08-01,9999-01-01
510,2,d004,Engineering,10581,1994-04-13,9999-01-01
511,2,d004,Engineering,10583,1985-02-14,1998-05-29
512,2,d004,Engineering,10586,1992-02-04,9999-01-01
513,2,d004,Engineering,10588,1988-07-25,9999-01-01
514,2,d004,Engineering,10593,2000-03-29,9999-01-01
515,2,d004,Engineering,10595,1989-11-24,9999-01-01
516,2,d004,Engineering,10598,1998-06-22,2000-09-27
517,2,d004,Engineering,10604,2002-07-29,9999-01-01
518,2,d004,Engineering,10608,1986-05-25,1991-06-02
519,2,d004,Engineering,10612,1991-09-02,9999-01-01
520,2,d004,Engineering,10614,1990-03-03,1997-02-27
521,2,d004,Engineering,10618,1994-10-07,9999-01-01
522,2,d004,Engineering,10622,1989-05-15,9999-01-01
523,2,d004,Engineering,10624,1990-05-07,9999-01-01
524,2,d004,Engineering,10630,1997-01-13,9999-01-01
525,2,d004,Engineering,10635,1991-09-22,1999-12-20
526,2,d004,Engineering,10645,1988-03-01,9999-01-01
527,2,d004,Engineering,10647,1997-09-03,9999-01-01
528,2,d004,Engineering,10654,1990-03-25,9999-01-01
529,2,d004,Engineering,10656,1988-06-21,9999-01-01
530,2,d004,Engineering,10662,1999-12-17,9999-01-01
531,2,d004,Engineering,10663,1999-02-12,9999-01-01
532,2,d004,Engineering,10664,1989-12-24,9999-01-01
533,2,d004,Engineering,10672,1991-09-29,1996-04-19
534,2,d004,Engineering,10683,1997-06-23,9999-01-01
535,2,d004,Engineering,10684,1999-10-28,9999-01-01
536,2,d004,Engineering,10690,1995-10-04,9999-01-01
537,2,d004,Engineering,10695,1998-05-19,9999-01-01
538,2,d004,Engineering,10703,1996-05-12,9999-01-01
539,2,d004,Engineering,10706,1994-05-03,2001-04-08
540,2,d004,Engineering,10715,1999-10-28,9999-01-01
541,2,d004,Engineering,10720,2001-08-05,9999-01-01
542,2,d004,Engineering,10723,1997-07-14,9999-01-01
543,2,d004,Engineering,10724,1995-12-07,9999-01-01
544,2,d004,Engineering,10729,1986-04-20,9999-01-01
545,2,d004,Engineering,10730,1996-05-27,1998-06-07
546,2,d004,Engineering,10732,1994-12-21,9999-01-01
547,2,d004,Engineering,10734,1995-12-19,9999-01-01
548,2,d004,Engineering,10737,1999-06-22,9999-01-01
549,2,d004,Engineering,10745,1988-01-23,9999-01-01
550,2,d004,Engineering,10747,1990-10-08,1999-09-20
551,2,d004,Engineering,10749,1985-09-26,9999-01-01
552,2,d004,Engineering,10753,1985-05-17,1999-08-25
553,2,d004,Engineering,10756,2000-12-16,9999-01-01
554,2,d004,Engineering,10758,1999-07-01,9999-01-01
555,2,d004,Engineering,10759,1991-12-04,9999-01-01
556,2,d004,Engineering,10763,1987-02-23,9999-01-01
557,2,d004,Engineering,10768,1985-07-04,9999-01-01
558,2,d004,Engineering,10774,1990-01-26,9999-01-01
559,2,d004,Engineering,10775,1994-12-30,1999-03-17
560,2,d004,Engineering,10777,1990-03-17,2001-03-27
561,2,d004,Engineering,10780,1994-08-01,1996-08-18
562,2,d004,Engineering,10786,1997-06-06,2001-12-10
563,2,d004,Engineering,10790,1999-03-02,9999-01-01
564,2,d004,Engineering,10797,1997-06-02,9999-01-01
565,2,d004,Engineering,10798,1996-09-21,9999-01-01
566,2,d004,Engineering,10800,1993-05-20,9999-01-01
567,2,d004,Engineering,10801,1998-04-07,2001-01-15
568,2,d004,Engineering,10802,1985-08-24,9999-01-01
569,2,d004,Engineering,10811,1997-07-08,9999-01-01
570,2,d004,Engineering,10812,1996-09-20,1997-10-06
571,2,d004,Engineering,10819,1986-08-02,1999-12-28
572,2,d004,Engineering,10825,2000-06-03,9999-01-01
573,2,d004,Engineering,10834,1990-11-24,9999-01-01
574,2,d004,Engineering,10835,1995-08-22,9999-01-01
575,2,d004,Engineering,10839,1996-12-30,9999-01-01
576,2,d004,Engineering,10840,1993-06-04,9999-01-01
577,2,d004,Engineering,10848,1985-04-20,9999-01-01
578,2,d004,Engineering,10852,1999-08-21,9999-01-01
579,2,d004,Engineering,10863,1985-12-25,9999-01-01
580,2,d004,Engineering,10867,1997-03-23,2002-03-22
581,2,d004,Engineering,10868,1990-03-20,9999-01-01
582,2,d004,Engineering,10870,1988-01-13,9999-01-01
583,2,d004,Engineering,10874,1986-04-22,1997-12-28
584,2,d004,Engineering,10880,1992-01-11,9999-01-01
585,2,d004,Engineering,10881,1997-02-18,1998-10-25
586,2,d004,Engineering,10883,1996-12-28,9999-01-01
587,2,d004,Engineering,10894,1995-12-05,9999-01-01
588,2,d004,Engineering,10896,1997-11-27,9999-01-01
589,2,d004,Engineering,10898,1993-01-08,9999-01-01
590,2,d004,Engineering,10905,1985-02-28,1986-03-07
591,2,d004,Engineering,10911,1988-06-25,9999-01-01
592,2,d004,Engineering,10915,1999-10-28,9999-01-01
593,2,d004,Engineering,10916,1998-10-02,9999-01-01
594,2,d004,Engineering,10921,1986-07-27,9999-01-01
595,2,d004,Engineering,10925,1991-06-11,9999-01-01
596,2,d004,Engineering,10926,1990-04-30,1992-11-04
597,2,d004,Engineering,10930,1991-11-22,9999-01-01
598,2,d004,Engineering,10931,1992-06-14,1999-09-19
599,2,d004,Engineering,10933,1993-08-02,9999-01-01
600,2,d004,Engineering,10937,1991-05-03,9999-01-01
601,2,d004,Engineering,10944,1995-09-07,9999-01-01
602,2,d004,Engineering,10945,1993-04-04,9999-01-01
603,2,d004,Engineering,10950,1996-06-08,1998-01-13
604,2,d004,Engineering,10956,1997-02-10,9999-01-01
605,2,d004,Engineering,10966,1999-11-12,9999-01-01
606,2,d004,Engineering,10970,1995-11-14,9999-01-01
607,2,d004,Engineering,10975,1992-03-30,1997-01-14
608,2,d004,Engineering,10976,1998-10-31,9999-01-01
609,2,d004,Engineering,10978,1985-05-18,9999-01-01
610,2,d004,Engineering,10979,1986-01-27,9999-01-01
611,2,d004,Engineering,10983,1988-02-22,9999-01-01
612,2,d004,Engineering,10984,1988-07-09,1993-05-14
613,2,d004,Engineering,10994,1987-11-13,1989-05-24
614,2,d004,Engineering,10997,2000-01-04,9999-01-01
615,3,d002,Finance,10042,1993-03-21,2000-08-10
616,3,d002,Finance,10050,1990-12-25,1992-11-05
617,3,d002,Finance,10059,1991-06-26,9999-01-01
618,3,d002,Finance,10080,1994-09-28,1997-07-09
619,3,d002,Finance,10132,1997-06-18,9999-01-01
620,3,d002,Finance,10144,1985-10-14,1988-09-02
621,3,d002,Finance,10146,1988-06-28,1990-09-07
622,3,d002,Finance,10147,1987-12-18,9999-01-01
623,3,d002,Finance,10165,1988-05-17,9999-01-01
624,3,d002,Finance,10173,1992-03-21,9999-01-01
625,3,d002,Finance,10177,1993-02-06,1994-03-17
626,3,d002,Finance,10180,1994-07-01,9999-01-01
627,3,d002,Finance,10186,1996-12-25,1997-08-16
628,3,d002,Finance,10187,1991-06-01,9999-01-01
629,3,d002,Finance,10194,1997-02-14,9999-01-01
630,3,d002,Finance,10196,1999-01-31,9999-01-01
631,3,d002,Finance,10209,1991-11-23,1999-08-07
632,3,d002,Finance,10220,1997-09-16,9999-01-01
633,3,d002,Finance,10241,1988-06-12,9999-01-01
634,3,d002,Finance,10263,1996-12-21,9999-01-01
635,3,d002,Finance,10272,1997-10-23,9999-01-01
636,3,d002,Finance,10295,1995-06-19,9999-01-01
637,3,d002,Finance,10301,1988-05-23,9999-01-01
638,3,d002,Finance,10351,1995-05-01,9999-01-01
639,3,d002,Finance,10354,1999-03-03,2000-03-03
640,3,d002,Finance,10403,1991-09-13,1995-03-07
641,3,d002,Finance,10416,1989-03-24,9999-01-01
642,3,d002,Finance,10456,2000-01-06,9999-01-01
643,3,d002,Finance,10459,1998-06-14,9999-01-01
644,3,d002,Finance,10480,1988-05-18,1989-06-03
645,3,d002,Finance,10496,1995-08-29,1999-01-26
646,3,d002,Finance,10513,1991-04-02,9999-01-01
647,3,d002,Finance,10543,1998-11-24,9999-01-01
648,3,d002,Finance,10556,1992-04-15,9999-01-01
649,3,d002,Finance,10576,1991-01-03,9999-01-01
650,3,d002,Finance,10589,1994-01-26,9999-01-01
651,3,d002,Finance,10615,1996-03-10,9999-01-01
652,3,d002,Finance,10644,1985-05-29,1995-07-19
653,3,d002,Finance,10655,1997-07-04,2000-11-22
654,3,d002,Finance,10657,1992-03-26,9999-01-01
655,3,d002,Finance,10666,1989-05-20,9999-01-01
656,3,d002,Finance,10668,1997-11-28,1999-09-03
657,3,d002,Finance,10675,1993-02-02,9999-01-01
658,3,d002,Finance,10685,1995-12-27,1996-10-20
659,3,d002,Finance,10688,1986-04-13,9999-01-01
660,3,d002,Finance,10727,1991-01-08,2000-06-06
661,3,d002,Finance,10731,1987-02-20,2000-10-09
662,3,d002,Finance,10743,1999-11-05,9999-01-01
663,3,d002,Finance,10748,1990-08-14,1992-04-04
664,3,d002,Finance,10760,1997-08-22,9999-01-01
665,3,d002,Finance,10761,1992-05-30,1999-01-04
666,3,d002,Finance,10806,1993-04-25,1994-04-08
667,3,d002,Finance,10827,1996-11-07,9999-01-01
668,3,d002,Finance,10850,1990-04-22,1995-05-11
669,3,d002,Finance,10855,1993-03-29,1997-03-02
670,3,d002,Finance,10866,1990-12-27,9999-01-01
671,3,d002,Finance,10872,1990-09-06,9999-01-01
672,3,d002,Finance,10873,1994-03-23,9999-01-01
673,3,d002,Finance,10901,1998-08-05,9999-01-01
674,3,d002,Finance,10906,1998-10-18,2001-04-25
675,3,d002,Finance,10912,1986-04-23,1999-09-26
676,3,d002,Finance,10913,1998-10-25,9999-01-01
677,3,d002,Finance,10918,1990-01-29,1990-10-10
678,3,d002,Finance,10934,1995-09-17,9999-01-01
679,3,d002,Finance,10935,1994-10-17,9999-01-01
680,3,d002,Finance,10949,1990-06-29,9999-01-01
681,3,d002,Finance,10951,1989-07-06,9999-01-01
682,3,d002,Finance,10964,1991-05-05,9999-01-01
683,3,d002,Finance,10989,1985-07-20,9999-01-01
684,4,d003,Human Resources,10005,1989-09-12,9999-01-01
685,4,d003,Human Resources,10013,1985-10-20,9999-01-01
686,4,d003,Human Resources,10036,1992-04-28,9999-01-01
687,4,d003,Human Resources,10039,1988-01-19,9999-01-01
688,4,d003,Human Resources,10054,1995-07-29,9999-01-01
689,4,d003,Human Resources,10071,1995-08-05,9999-01-01
690,4,d003,Human Resources,10077,1994-12-23,9999-01-01
691,4,d003,Human Resources,10080,1997-07-09,9999-01-01
692,4,d003,Human Resources,10086,1992-02-19,9999-01-01
693,4,d003,Human Resources,10100,1987-09-21,9999-01-01
694,4,d003,Human Resources,10105,1999-05-17,2001-06-11
695,4,d003,Human Resources,10108,1999-03-20,1999-12-06
696,4,d003,Human Resources,10110,1986-08-22,9999-01-01
697,4,d003,Human Resources,10144,1988-09-02,1993-08-10
698,4,d003,Human Resources,10163,1992-02-02,9999-01-01
699,4,d003,Human Resources,10233,1994-04-29,9999-01-01
700,4,d003,Human Resources,10280,1995-01-27,9999-01-01
701,4,d003,Human Resources,10325,1990-09-20,9999-01-01
702,4,d003,Human Resources,10354,2000-03-03,2002-01-01
703,4,d003,Human Resources,10360,1996-09-04,9999-01-01
704,4,d003,Human Resources,10362,1990-11-02,1997-07-16
705,4,d003,Human Resources,10413,1991-12-27,9999-01-01
706,4,d003,Human Resources,10428,1992-06-04,9999-01-01
707,4,d003,Human Resources,10436,1988-01-30,9999-01-01
708,4,d003,Human Resources,10459,1997-06-28,1998-06-14
709,4,d003,Human Resources,10464,1991-05-21,9999-01-01
710,4,d003,Human Resources,10467,1992-05-22,1999-11-01
711,4,d003,Human Resources,10484,1996-12-20,9999-01-01
712,4,d003,Human Resources,10507,1990-09-30,9999-01-01
713,4,d003,Human Resources,10512,1989-11-28,9999-01-01
714,4,d003,Human Resources,10522,1986-12-12,9999-01-01
715,4,d003,Human Resources,10531,1995-03-16,9999-01-01
716,4,d003,Human Resources,10574,1999-11-15,9999-01-01
717,4,d003,Human Resources,10613,1997-10-13,9999-01-01
718,4,d003,Human Resources,10626,1996-12-03,9999-01-01
719,4,d003,Human Resources,10627,1995-03-13,9999-01-01
720,4,d003,Human Resources,10636,1996-09-25,9999-01-01
721,4,d003,Human Resources,10671,1995-09-14,9999-01-01
722,4,d003,Human Resources,10679,1990-05-13,9999-01-01
723,4,d003,Human Resources,10689,1988-08-05,9999-01-01
724,4,d003,Human Resources,10717,1991-09-13,9999-01-01
725,4,d003,Human Resources,10748,1992-04-04,9999-01-01
726,4,d003,Human Resources,10766,1999-09-18,9999-01-01
727,4,d003,Human Resources,10783,1994-05-15,9999-01-01
728,4,d003,Human Resources,10806,1994-04-08,9999-01-01
729,4,d003,Human Resources,10815,1994-04-19,9999-01-01
730,4,d003,Human Resources,10818,1998-04-09,9999-01-01
731,4,d003,Human Resources,10823,1999-08-19,9999-01-01
732,4,d003,Human Resources,10829,1993-07-21,1993-11-29
733,4,d003,Human Resources,10892,1990-04-11,9999-01-01
734,4,d003,Human Resources,10907,1988-12-25,9999-01-01
735,4,d003,Human Resources,10908,1986-04-05,9999-01-01
736,4,d003,Human Resources,10920,1992-02-24,9999-01-01
737,4,d003,Human Resources,10936,1990-05-09,9999-01-01
738,5,d001,Marketing,10017,1993-08-03,9999-01-01
739,5,d001,Marketing,10055,1992-04-27,1995-07-22
740,5,d001,Marketing,10058,1988-04-25,9999-01-01
741,5,d001,Marketing,10108,1999-12-06,2001-10-20
742,5,d001,Marketing,10140,1991-03-14,9999-01-01
743,5,d001,Marketing,10175,1988-09-24,1995-05-24
744,5,d001,Marketing,10208,1995-02-05,1999-05-15
745,5,d001,Marketing,10228,1993-01-28,9999-01-01
746,5,d001,Marketing,10239,1996-05-04,9999-01-01
747,5,d001,Marketing,10259,1987-07-25,1994-08-15
748,5,d001,Marketing,10340,1988-03-30,9999-01-01
749,5,d001,Marketing,10353,1989-08-24,9999-01-01
750,5,d001,Marketing,10367,1991-06-24,9999-01-01
751,5,d001,Marketing,10384,1986-01-16,9999-01-01
752,5,d001,Marketing,10418,1996-10-04,9999-01-01
753,5,d001,Marketing,10449,1996-03-12,9999-01-01
754,5,d001,Marketing,10491,1990-01-17,9999-01-01
755,5,d001,Marketing,10499,1996-07-31,1998-03-16
756,5,d001,Marketing,10548,1991-10-04,9999-01-01
757,5,d001,Marketing,10567,1997-02-17,9999-01-01
758,5,d001,Marketing,10591,1987-06-18,1988-09-20
759,5,d001,Marketing,10602,1989-04-23,1993-11-06
760,5,d001,Marketing,10658,1994-04-29,9999-01-01
761,5,d001,Marketing,10661,1988-01-12,9999-01-01
762,5,d001,Marketing,10681,2002-01-08,9999-01-01
763,5,d001,Marketing,10694,1988-01-26,2001-07-11
764,5,d001,Marketing,10722,1989-01-17,2000-04-14
765,5,d001,Marketing,10741,1989-01-06,9999-01-01
766,5,d001,Marketing,10765,1994-05-08,1994-05-11
767,5,d001,Marketing,10778,1986-07-04,9999-01-01
768,5,d001,Marketing,10787,1991-07-19,2002-07-27
769,5,d001,Marketing,10820,1992-06-26,9999-01-01
770,5,d001,Marketing,10824,1995-08-01,9999-01-01
771,5,d001,Marketing,10830,1991-08-24,9999-01-01
772,5,d001,Marketing,10859,1996-05-21,9999-01-01
773,5,d001,Marketing,10877,1986-06-06,9999-01-01
774,5,d001,Marketing,10885,1997-09-29,9999-01-01
775,5,d001,Marketing,10893,1989-08-23,9999-01-01
776,5,d001,Marketing,10899,1990-04-05,9999-01-01
777,5,d001,Marketing,10919,1999-10-30,9999-01-01
778,5,d001,Marketing,10927,1986-09-12,9999-01-01
779,5,d001,Marketing,10928,1991-04-07,9999-01-01
780,5,d001,Marketing,10929,1991-04-15,9999-01-01
781,5,d001,Marketing,10938,1985-09-24,9999-01-01
782,5,d001,Marketing,10941,1993-08-22,9999-01-01
783,5,d001,Marketing,10995,1997-07-19,9999-01-01
784,6,d006,Quality Management,10009,1985-02-18,9999-01-01
785,6,d006,Quality Management,10010,2000-06-26,9999-01-01
786,6,d006,Quality Management,10029,1999-07-08,9999-01-01
787,6,d006,Quality Management,10033,1987-03-18,1993-03-24
788,6,d006,Quality Management,10067,1987-03-04,9999-01-01
789,6,d006,Quality Management,10073,1998-02-02,1998-02-22
790,6,d006,Quality Management,10111,1988-12-19,9999-01-01
791,6,d006,Quality Management,10124,1999-06-06,9999-01-01
792,6,d006,Quality Management,10138,1992-03-03,9999-01-01
793,6,d006,Quality Management,10152,1986-01-27,1987-08-03
794,6,d006,Quality Management,10156,1993-05-14,9999-01-01
795,6,d006,Quality Management,10159,1996-06-12,9999-01-01
796,6,d006,Quality Management,10192,1988-06-13,1999-08-09
797,6,d006,Quality Management,10200,2000-10-03,9999-01-01
798,6,d006,Quality Management,10229,1996-02-20,2000-06-30
799,6,d006,Quality Management,10240,1998-10-06,9999-01-01
800,6,d006,Quality Management,10250,1992-08-30,9999-01-01
801,6,d006,Quality Management,10265,1997-09-12,9999-01-01
802,6,d006,Quality Management,10281,1994-12-03,9999-01-01
803,6,d006,Quality Management,10307,2000-01-21,9999-01-01
804,6,d006,Quality Management,10316,1990-12-18,1991-01-02
805,6,d006,Quality Management,10343,1997-10-03,9999-01-01
806,6,d006,Quality Management,10344,2001-11-11,9999-01-01
807,6,d006,Quality Management,10357,1994-04-04,9999-01-01
808,6,d006,Quality Management,10363,1987-05-18,1993-02-12
809,6,d006,Quality Management,10390,1989-05-17,9999-01-01
810,6,d006,Quality Management,10392,1997-08-09,9999-01-01
811,6,d006,Quality Management,10401,1999-10-25,2001-04-25
812,6,d006,Quality Management,10402,1987-01-02,9999-01-01
813,6,d006,Quality Management,10405,1998-09-26,2000-12-05
814,6,d006,Quality Management,10406,1996-01-26,9999-01-01
815,6,d006,Quality Management,10422,1997-09-30,9999-01-01
816,6,d006,Quality Management,10433,1992-11-26,9999-01-01
817,6,d006,Quality Management,10437,1996-04-12,9999-01-01
818,6,d006,Quality Management,10447,1988-12-29,2000-11-15
819,6,d006,Quality Management,10457,1999-10-23,9999-01-01
820,6,d006,Quality Management,10471,1990-11-18,9999-01-01
821,6,d006,Quality Management,10483,1993-11-10,9999-01-01
822,6,d006,Quality Management,10486,1987-10-08,9999-01-01
823,6,d006,Quality Management,10502,1993-03-04,9999-01-01
824,6,d006,Quality Management,10550,1985-02-03,9999-01-01
825,6,d006,Quality Management,10551,1988-08-06,9999-01-01
826,6,d006,Quality Management,10605,1993-07-01,9999-01-01
827,6,d006,Quality Management,10699,1985-11-17,9999-01-01
828,6,d006,Quality Management,10728,1989-12-09,9999-01-01
829,6,d006,Quality Management,10736,1991-09-26,9999-01-01
830,6,d006,Quality Management,10752,1993-05-28,9999-01-01
831,6,d006,Quality Management,10785,1994-11-11,9999-01-01
832,6,d006,Quality Management,10786,2001-12-10,9999-01-01
833,6,d006,Quality Management,10796,1990-11-08,9999-01-01
834,6,d006,Quality Management,10803,1988-04-20,2002-04-02
835,6,d006,Quality Management,10833,1998-12-23,9999-01-01
836,6,d006,Quality Management,10838,1994-04-26,9999-01-01
837,6,d006,Quality Management,10853,1993-05-03,9999-01-01
838,6,d006,Quality Management,10860,1998-01-22,9999-01-01
839,6,d006,Quality Management,10874,1997-12-28,9999-01-01
840,6,d006,Quality Management,10875,1988-05-19,9999-01-01
841,6,d006,Quality Management,10939,1997-12-11,9999-01-01
842,6,d006,Quality Management,10993,1992-05-29,9999-01-01
843,7,d008,Research,10007,1989-02-10,9999-01-01
844,7,d008,Research,10015,1992-09-19,1993-08-22
845,7,d008,Research,10019,1999-04-30,9999-01-01
846,7,d008,Research,10040,2002-01-22,9999-01-01
847,7,d008,Research,10046,1992-06-20,9999-01-01
848,7,d008,Research,10052,1997-01-31,9999-01-01
849,7,d008,Research,10064,1985-11-20,1992-03-02
850,7,d008,Research,10070,1995-10-18,9999-01-01
851,7,d008,Research,10082,1990-01-03,1990-01-15
852,7,d008,Research,10094,1987-04-18,1997-11-08
853,7,d008,Research,10097,1990-09-15,9999-01-01
854,7,d008,Research,10104,1987-04-16,9999-01-01
855,7,d008,Research,10114,1992-07-17,9999-01-01
856,7,d008,Research,10116,1995-12-03,1998-11-01
857,7,d008,Research,10141,1998-07-23,9999-01-01
858,7,d008,Research,10155,1990-01-05,1990-07-12
859,7,d008,Research,10168,1986-12-06,9999-01-01
860,7,d008,Research,10172,1998-10-01,9999-01-01
861,7,d008,Research,10182,1999-01-05,9999-01-01
862,7,d008,Research,10203,1989-04-06,9999-01-01
863,7,d008,Research,10216,1987-10-30,9999-01-01
864,7,d008,Research,10230,1996-06-16,9999-01-01
865,7,d008,Research,10238,1996-05-25,9999-01-01
866,7,d008,Research,10245,1994-04-21,1995-02-20
867,7,d008,Research,10249,1998-04-13,9999-01-01
868,7,d008,Research,10251,1992-06-25,9999-01-01
869,7,d008,Research,10285,1995-05-25,9999-01-01
870,7,d008,Research,10287,1992-12-28,1997-09-05
871,7,d008,Research,10298,1999-04-27,2002-05-05
872,7,d008,Research,10313,1994-10-10,9999-01-01
873,7,d008,Research,10317,1999-01-24,2000-07-05
874,7,d008,Research,10326,1998-09-02,9999-01-01
875,7,d008,Research,10327,1988-05-10,1993-05-22
876,7,d008,Research,10336,1996-09-27,9999-01-01
877,7,d008,Research,10347,1998-02-20,9999-01-01
878,7,d008,Research,10356,1995-06-26,9999-01-01
879,7,d008,Research,10365,1987-10-22,1992-04-04
880,7,d008,Research,10419,1992-04-25,2002-07-06
881,7,d008,Research,10420,1988-01-17,2000-07-09
882,7,d008,Research,10423,1999-05-27,9999-01-01
883,7,d008,Research,10440,2000-01-30,9999-01-01
884,7,d008,Research,10469,1992-12-26,9999-01-01
885,7,d008,Research,10476,1987-09-20,9999-01-01
886,7,d008,Research,10488,1996-11-18,9999-01-01
887,7,d008,Research,10514,1992-04-29,1995-04-02
888,7,d008,Research,10519,1992-12-05,1994-02-09
889,7,d008,Research,10534,1998-01-26,2001-03-03
890,7,d008,Research,10544,1995-04-29,9999-01-01
891,7,d008,Research,10546,1991-04-14,9999-01-01
892,7,d008,Research,10557,1994-08-25,9999-01-01
893,7,d008,Research,10569,1987-03-13,9999-01-01
894,7,d008,Research,10577,1993-07-02,2001-08-01
895,7,d008,Research,10585,1994-08-24,9999-01-01
896,7,d008,Research,10590,1986-04-09,9999-01-01
897,7,d008,Research,10623,1996-02-11,9999-01-01
898,7,d008,Research,10634,1994-04-02,9999-01-01
899,7,d008,Research,10651,1996-01-08,9999-01-01
900,7,d008,Research,10652,1990-02-12,1992-01-13
901,7,d008,Research,10673,1997-11-18,1998-01-14
902,7,d008,Research,10687,1990-03-13,9999-01-01
903,7,d008,Research,10704,1995-02-17,9999-01-01
904,7,d008,Research,10708,1999-11-09,9999-01-01
905,7,d008,Research,10709,1988-02-21,9999-01-01
906,7,d008,Research,10713,1986-04-26,2001-02-21
907,7,d008,Research,10720,1996-06-26,2001-08-05
908,7,d008,Research,10738,1992-01-06,9999-01-01
909,7,d008,Research,10762,1992-01-21,9999-01-01
910,7,d008,Research,10782,1997-07-06,2002-03-30
911,7,d008,Research,10794,1994-05-24,9999-01-01
912,7,d008,Research,10805,1987-05-26,9999-01-01
913,7,d008,Research,10846,1997-04-03,9999-01-01
914,7,d008,Research,10847,1986-07-25,9999-01-01
915,7,d008,Research,10851,1994-11-21,9999-01-01
916,7,d008,Research,10948,1997-04-29,1997-06-23
917,7,d008,Research,10966,1997-02-05,1999-11-12
918,7,d008,Research,10982,1989-11-11,9999-01-01
919,7,d008,Research,10985,1999-02-27,1999-03-10
920,8,d007,Sales,10002,1996-08-03,9999-01-01
921,8,d007,Sales,10016,1998-02-11,9999-01-01
922,8,d007,Sales,10034,1995-04-12,1999-10-31
923,8,d007,Sales,10041,1989-11-12,9999-01-01
924,8,d007,Sales,10050,1992-11-05,9999-01-01
925,8,d007,Sales,10053,1994-11-13,9999-01-01
926,8,d007,Sales,10060,1989-05-28,1992-11-11
927,8,d007,Sales,10061,1989-12-02,9999-01-01
928,8,d007,Sales,10068,1987-08-07,9999-01-01
929,8,d007,Sales,10087,1997-05-08,2001-01-09
930,8,d007,Sales,10088,1988-09-02,1992-03-21
931,8,d007,Sales,10089,1989-01-10,9999-01-01
932,8,d007,Sales,10093,1997-06-08,9999-01-01
933,8,d007,Sales,10095,1994-03-10,9999-01-01
934,8,d007,Sales,10099,1988-10-18,9999-01-01
935,8,d007,Sales,10101,1998-10-14,2000-09-23
936,8,d007,Sales,10107,1999-03-30,9999-01-01
937,8,d007,Sales,10125,1990-10-26,1996-03-25
938,8,d007,Sales,10136,1988-06-13,1999-09-20
939,8,d007,Sales,10148,1996-07-15,9999-01-01
940,8,d007,Sales,10149,1994-01-28,1996-08-27
941,8,d007,Sales,10151,1992-12-12,9999-01-01
942,8,d007,Sales,10160,1993-12-06,9999-01-01
943,8,d007,Sales,10178,1994-03-21,9999-01-01
944,8,d007,Sales,10185,1986-03-01,9999-01-01
945,8,d007,Sales,10199,1998-02-07,9999-01-01
946,8,d007,Sales,10209,1999-08-07,9999-01-01
947,8,d007,Sales,10214,1988-02-29,9999-01-01
948,8,d007,Sales,10215,1991-11-23,9999-01-01
949,8,d007,Sales,10226,1996-01-29,9999-01-01
950,8,d007,Sales,10228,1992-12-22,1993-01-28
951,8,d007,Sales,10232,1992-06-04,9999-01-01
952,8,d007,Sales,10234,1990-11-19,1999-08-06
953,8,d007,Sales,10236,1996-08-30,9999-01-01
954,8,d007,Sales,10237,1989-08-11,2000-02-21
955,8,d007,Sales,10243,1986-06-07,9999-01-01
956,8,d007,Sales,10248,1991-08-13,9999-01-01
957,8,d007,Sales,10253,1985-02-21,1994-03-20
958,8,d007,Sales,10254,1990-06-14,9999-01-01
959,8,d007,Sales,10256,1985-10-12,9999-01-01
960,8,d007,Sales,10262,1996-01-22,9999-01-01
961,8,d007,Sales,10270,1991-09-26,9999-01-01
962,8,d007,Sales,10273,1985-11-06,9999-01-01
963,8,d007,Sales,10277,1985-06-16,9999-01-01
964,8,d007,Sales,10291,1987-03-30,9999-01-01
965,8,d007,Sales,10292,1989-06-05,9999-01-01
966,8,d007,Sales,10296,1989-09-16,9999-01-01
967,8,d007,Sales,10299,1990-01-10,9999-01-01
968,8,d007,Sales,10302,1986-07-22,1999-11-09
969,8,d007,Sales,10304,1992-11-16,2002-05-08
970,8,d007,Sales,10306,1993-09-06,9999-01-01
971,8,d007,Sales,10308,1992-12-29,9999-01-01
972,8,d007,Sales,10314,1986-01-16,9999-01-01
973,8,d007,Sales,10319,1994-06-18,9999-01-01
974,8,d007,Sales,10320,1988-11-03,2001-12-23
975,8,d007,Sales,10321,1995-07-24,1999-08-14
976,8,d007,Sales,10330,1993-10-08,9999-01-01
977,8,d007,Sales,10331,1986-10-29,9999-01-01
978,8,d007,Sales,10335,1992-04-06,1999-11-07
979,8,d007,Sales,10346,1992-01-17,1996-04-20
980,8,d007,Sales,10355,1996-01-26,9999-01-01
981,8,d007,Sales,10361,1986-10-23,9999-01-01
982,8,d007,Sales,10369,1994-09-05,9999-01-01
983,8,d007,Sales,10370,1992-04-18,9999-01-01
984,8,d007,Sales,10374,1993-12-08,1995-04-25
985,8,d007,Sales,10375,1994-05-29,9999-01-01
986,8,d007,Sales,10378,1992-08-31,9999-01-01
987,8,d007,Sales,10380,1985-03-19,9999-01-01
988,8,d007,Sales,10388,1999-05-28,9999-01-01
989,8,d007,Sales,10398,1990-10-12,9999-01-01
990,8,d007,Sales,10399,2000-01-26,9999-01-01
991,8,d007,Sales,10400,1993-10-17,9999-01-01
992,8,d007,Sales,10403,1995-03-07,2001-06-15
993,8,d007,Sales,10407,1999-10-30,9999-01-01
994,8,d007,Sales,10408,1998-10-07,9999-01-01
995,8,d007,Sales,10410,1993-10-16,1996-07-21
996,8,d007,Sales,10411,1989-09-02,9999-01-01
997,8,d007,Sales,10417,1999-06-27,9999-01-01
998,8,d007,Sales,10427,1994-10-03,9999-01-01
999,8,d007,Sales,10431,1987-10-08,9999-01-01
1000,8,d007,Sales,10442,1992-02-12,2001-03-13
1001,8,d007,Sales,10444,1994-10-23,9999-01-01
1002,8,d007,Sales,10448,1992-03-12,9999-01-01
1003,8,d007,Sales,10449,1987-03-28,1996-03-12
1004,8,d007,Sales,10454,1989-04-16,9999-01-01
1005,8,d007,Sales,10455,1995-02-19,9999-01-01
1006,8,d007,Sales,10458,1994-07-05,9999-01-01
1007,8,d007,Sales,10461,1987-08-03,9999-01-01
1008,8,d007,Sales,10463,1994-02-17,9999-01-01
1009,8,d007,Sales,10468,1991-05-28,9999-01-01
1010,8,d007,Sales,10472,1999-12-01,2002-01-02
1011,8,d007,Sales,10490,1992-11-22,9999-01-01
1012,8,d007,Sales,10493,1998-10-29,9999-01-01
1013,8,d007,Sales,10499,1998-03-16,9999-01-01
1014,8,d007,Sales,10504,1999-10-19,9999-01-01
1015,8,d007,Sales,10505,1985-07-23,1998-03-26
1016,8,d007,Sales,10509,1992-10-06,9999-01-01
1017,8,d007,Sales,10510,1990-04-20,1992-09-21
1018,8,d007,Sales,10515,1990-01-06,1998-07-21
1019,8,d007,Sales,10517,1990-12-25,9999-01-01
1020,8,d007,Sales,10521,1989-05-11,9999-01-01
1021,8,d007,Sales,10525,1990-07-08,1995-12-20
1022,8,d007,Sales,10532,1986-05-18,9999-01-01
1023,8,d007,Sales,10533,1990-08-17,9999-01-01
1024,8,d007,Sales,10536,1988-10-07,9999-01-01
1025,8,d007,Sales,10537,1996-09-25,9999-01-01
1026,8,d007,Sales,10539,1990-06-05,9999-01-01
1027,8,d007,Sales,10541,1986-02-28,1986-10-01
1028,8,d007,Sales,10548,1986-07-04,1991-10-04
1029,8,d007,Sales,10555,1992-05-22,1993-01-19
1030,8,d007,Sales,10559,1999-04-05,9999-01-01
1031,8,d007,Sales,10561,1997-06-30,9999-01-01
1032,8,d007,Sales,10567,1992-10-18,1997-02-17
1033,8,d007,Sales,10568,1995-07-08,9999-01-01
1034,8,d007,Sales,10570,1986-06-16,2000-03-25
1035,8,d007,Sales,10573,1999-08-20,9999-01-01
1036,8,d007,Sales,10592,1993-09-27,9999-01-01
1037,8,d007,Sales,10596,1996-05-23,9999-01-01
1038,8,d007,Sales,10597,1990-04-01,9999-01-01
1039,8,d007,Sales,10600,1992-04-27,9999-01-01
1040,8,d007,Sales,10603,1995-07-20,9999-01-01
1041,8,d007,Sales,10616,1996-11-07,9999-01-01
1042,8,d007,Sales,10619,1993-04-09,9999-01-01
1043,8,d007,Sales,10629,1999-10-20,2001-12-07
1044,8,d007,Sales,10633,1997-05-16,9999-01-01
1045,8,d007,Sales,10637,1993-07-11,2000-01-19
1046,8,d007,Sales,10638,1994-11-10,9999-01-01
1047,8,d007,Sales,10640,1992-12-04,9999-01-01
1048,8,d007,Sales,10644,1995-07-19,1995-08-25
1049,8,d007,Sales,10655,2000-11-22,9999-01-01
1050,8,d007,Sales,10670,1988-03-23,9999-01-01
1051,8,d007,Sales,10681,1995-10-02,2002-01-08
1052,8,d007,Sales,10692,1993-03-22,9999-01-01
1053,8,d007,Sales,10701,1986-10-27,1989-10-07
1054,8,d007,Sales,10705,1990-07-18,9999-01-01
1055,8,d007,Sales,10710,1995-07-09,9999-01-01
1056,8,d007,Sales,10725,1990-09-08,9999-01-01
1057,8,d007,Sales,10744,1985-12-29,1992-06-03
1058,8,d007,Sales,10754,1988-01-11,9999-01-01
1059,8,d007,Sales,10765,1994-05-07,1994-05-08
1060,8,d007,Sales,10767,1997-07-15,9999-01-01
1061,8,d007,Sales,10770,1987-12-25,1989-02-27
1062,8,d007,Sales,10788,1998-05-29,9999-01-01
1063,8,d007,Sales,10795,1993-05-03,9999-01-01
1064,8,d007,Sales,10804,1997-06-09,9999-01-01
1065,8,d007,Sales,10807,1999-10-19,9999-01-01
1066,8,d007,Sales,10810,1994-09-07,9999-01-01
1067,8,d007,Sales,10813,1990-04-27,9999-01-01
1068,8,d007,Sales,10814,1993-07-17,9999-01-01
1069,8,d007,Sales,10817,1990-12-26,2000-01-24
1070,8,d007,Sales,10828,1986-02-14,1990-03-30
1071,8,d007,Sales,10832,1986-10-11,9999-01-01
1072,8,d007,Sales,10836,1987-08-10,1991-07-01
1073,8,d007,Sales,10837,1986-01-14,2002-02-22
1074,8,d007,Sales,10855,1997-03-02,9999-01-01
1075,8,d007,Sales,10857,1990-04-04,9999-01-01
1076,8,d007,Sales,10862,1985-07-23,9999-01-01
1077,8,d007,Sales,10864,1986-09-25,9999-01-01
1078,8,d007,Sales,10865,1993-05-29,1993-07-03
1079,8,d007,Sales,10876,1995-01-29,1999-09-14
1080,8,d007,Sales,10878,1997-04-25,9999-01-01
1081,8,d007,Sales,10885,1991-08-19,1997-09-29
1082,8,d007,Sales,10889,1987-08-11,9999-01-01
1083,8,d007,Sales,10890,1990-03-10,9999-01-01
1084,8,d007,Sales,10895,1986-04-26,1986-12-25
1085,8,d007,Sales,10897,1986-04-09,9999-01-01
1086,8,d007,Sales,10906,2001-04-25,9999-01-01
1087,8,d007,Sales,10914,1998-03-24,1998-09-01
1088,8,d007,Sales,10922,1996-02-02,1999-01-16
1089,8,d007,Sales,10923,1990-04-09,9999-01-01
1090,8,d007,Sales,10924,1988-08-14,9999-01-01
1091,8,d007,Sales,10953,1987-02-12,9999-01-01
1092,8,d007,Sales,10955,1986-09-27,9999-01-01
1093,8,d007,Sales,10957,1990-10-01,9999-01-01
1094,8,d007,Sales,10959,1994-03-01,1996-04-12
1095,8,d007,Sales,10960,1995-07-07,9999-01-01
1096,8,d007,Sales,10962,1986-12-16,9999-01-01
1097,8,d007,Sales,10965,1986-07-29,9999-01-01
1098,8,d007,Sales,10968,1985-08-11,9999-01-01
1099,8,d007,Sales,10977,1987-08-10,1987-10-01
1100,8,d007,Sales,10981,1992-07-07,9999-01-01
1101,8,d007,Sales,10996,1990-02-07,9999-01-01
1102,8,d007,Sales,10998,1996-08-07,9999-01-01
